{
    "metadata":{
        "colors":0,
        "type":"Geometry",
        "faces":140,
        "normals":133,
        "uvs":0,
        "version":3,
        "vertices":132,
        "materials":1,
        "generator":"io_three"
    },
    "vertices":[0.110041,0.0076051,0.430158,0.110041,0.0695737,-0.219295,0.106239,0.00658621,0.430158,0.075254,0.0602526,-0.219295,0.103455,0.00380254,0.430158,0.0497882,0.0347869,-0.219295,0.102436,-1.57027e-08,0.430158,0.0404671,7.50034e-09,-0.219295,0.103455,-0.00380257,0.430158,0.0497882,-0.0347869,-0.219295,0.106239,-0.00658624,0.430158,0.075254,-0.0602526,-0.219295,0.110041,-0.00760513,0.430158,0.110041,-0.0695737,-0.219295,0.113844,-0.00658624,0.430158,0.144828,-0.0602526,-0.219295,0.116628,-0.00380258,0.430158,0.170293,-0.0347869,-0.219295,0.117647,-1.8906e-08,0.430158,0.179615,-2.18042e-08,-0.219295,0.116628,0.00380254,0.430158,0.170293,0.0347868,-0.219295,0.113844,0.00658621,0.430158,0.144828,0.0602526,-0.219295,0.110041,0.0362323,0.339048,0.110041,0.0603993,0.21398,0.110041,0.0634838,0.0561322,0.0782991,0.0549786,0.0561323,0.0798416,0.0523073,0.21398,0.0919252,0.0313781,0.339048,0.0550624,0.0317419,0.0561323,0.0577339,0.0301997,0.21398,0.0786632,0.0181162,0.339048,0.0465572,3.67645e-09,0.0561323,0.0496419,-9.13837e-10,0.21398,0.073809,-7.91335e-09,0.339048,0.0550625,-0.0317419,0.0561323,0.0577339,-0.0301997,0.21398,0.0786632,-0.0181162,0.339048,0.0782991,-0.0549786,0.0561323,0.0798416,-0.0523073,0.21398,0.0919252,-0.0313781,0.339048,0.110041,-0.0634838,0.0561322,0.110041,-0.0603993,0.21398,0.110041,-0.0362323,0.339048,0.141783,-0.0549786,0.0561322,0.140241,-0.0523074,0.21398,0.128158,-0.0313781,0.339048,0.16502,-0.0317419,0.0561322,0.162349,-0.0301997,0.21398,0.141419,-0.0181162,0.339048,0.173525,-2.3063e-08,0.0561322,0.170441,-2.63541e-08,0.21398,0.146274,-2.31744e-08,0.339048,0.16502,0.0317419,0.0561322,0.162349,0.0301996,0.21398,0.141419,0.0181161,0.339048,0.141783,0.0549786,0.0561322,0.140241,0.0523073,0.21398,0.128158,0.0313781,0.339048,0.110041,0.0500657,0.24067,0.0850084,0.0433582,0.24067,0.0666831,0.0250329,0.24067,0.0599755,-2.85273e-09,0.24067,0.0666831,-0.0250329,0.24067,0.0850084,-0.0433582,0.24067,0.110041,-0.0500657,0.24067,0.135074,-0.0433582,0.24067,0.153399,-0.0250329,0.24067,0.160107,-2.39405e-08,0.24067,0.153399,0.0250328,0.24067,0.135074,0.0433582,0.24067,0.110041,0.0642985,-0.141491,0.110041,0.0651314,-0.179936,0.0774752,0.0564054,-0.179936,0.0778917,0.0556841,-0.141491,0.0536355,0.0325657,-0.179936,0.0543568,0.0321493,-0.141491,0.0449095,5.44568e-09,-0.179936,0.0457425,3.8172e-09,-0.141491,0.0536355,-0.0325657,-0.179936,0.0543568,-0.0321492,-0.141491,0.0774752,-0.0564054,-0.179936,0.0778917,-0.0556841,-0.141491,0.110041,-0.0651314,-0.179936,0.110041,-0.0642985,-0.141491,0.142607,-0.0564054,-0.179936,0.14219,-0.0556841,-0.141491,0.166446,-0.0325657,-0.179936,0.165725,-0.0321493,-0.141491,0.175172,-2.19877e-08,-0.179936,0.174339,-2.32654e-08,-0.141491,0.166446,0.0325657,-0.179936,0.165725,0.0321492,-0.141491,0.142607,0.0564054,-0.179936,0.14219,0.0556841,-0.141491,0.110041,0.0422783,-0.141491,0.110041,0.042826,-0.179936,0.0886279,0.0370884,-0.179936,0.0889018,0.0366141,-0.141491,0.0729525,0.021413,-0.179936,0.0734268,0.0211392,-0.141491,0.0672149,2.43839e-09,-0.179936,0.0677626,1.48709e-09,-0.141491,0.0729525,-0.021413,-0.179936,0.0734268,-0.0211392,-0.141491,0.0886279,-0.0370884,-0.179936,0.0889018,-0.0366141,-0.141491,0.110041,-0.042826,-0.179936,0.110041,-0.0422783,-0.141491,0.131454,-0.0370884,-0.179936,0.13118,-0.0366141,-0.141491,0.147129,-0.021413,-0.179936,0.146655,-0.0211392,-0.141491,0.152867,-1.55999e-08,-0.179936,0.152319,-1.63206e-08,-0.141491,0.147129,0.021413,-0.179936,0.146655,0.0211391,-0.141491,0.131454,0.0370884,-0.179936,0.13118,0.0366141,-0.141491,0.110041,0.0678516,-0.192113,0.0761151,0.0587612,-0.192113,0.0512797,0.0339258,-0.192113,0.0421893,6.24429e-09,-0.192113,0.0512797,-0.0339258,-0.192113,0.0761151,-0.0587612,-0.192113,0.110041,-0.0678516,-0.192113,0.143967,-0.0587612,-0.192113,0.168802,-0.0339258,-0.192113,0.177892,-2.23349e-08,-0.192113,0.168802,0.0339258,-0.192113,0.143967,0.0587612,-0.192113],
    "materials":[{
        "colorDiffuse":[0.462803,0.286655,0.106138],
        "doubleSided":false,
        "blending":1,
        "specularCoef":50,
        "wireframe":false,
        "depthWrite":true,
        "depthTest":true,
        "vertexColors":false,
        "shading":"phong",
        "colorEmissive":[0,0,0],
        "colorSpecular":[0.5,0.5,0.5],
        "transparent":false,
        "opacity":1,
        "DbgName":"bullet",
        "visible":true,
        "DbgIndex":0,
        "DbgColor":15658734
    }],